var,b,se,z,pvalue,ll,ul,df,crit,eform,subtype
0b.case,1,,,,,,,1.959964,1,5
1.case,1.1820174,.11421458,1.7306029,.083522618,.97808135,1.4284754,,1.959964,1,5
age_start,1.0170693,.0033190895,5.1864104,2.1438603e-07,1.0105847,1.0235955,,1.959964,1,5
0b.diab,1,,,,,,,1.959964,1,5
1.diab,.88962036,.14273606,-.72897065,.4660196,.64958024,1.2183628,,1.959964,1,5
0b.ht,1,,,,,,,1.959964,1,5
1.ht,1.105466,.11065471,1.0016905,.31649306,.90853572,1.3450822,,1.959964,1,5
0b.smok,1,,,,,,,1.959964,1,5
1.smok,.89081413,.085003607,-1.2116598,.22564262,.73886216,1.0740161,,1.959964,1,5
