var,b,se,z,pvalue,ll,ul,df,crit,eform,subtype
0b.case,1,,,,,,,1.959964,1,7
1.case,1.0903304,.077282377,1.2201047,.22242519,.94891024,1.2528269,,1.959964,1,7
age_start,1.0280919,.0027326404,10.423178,1.9434986e-25,1.0227499,1.0334617,,1.959964,1,7
0b.diab,1,,,,,,,1.959964,1,7
1.diab,1.0706885,.10436573,.70070887,.48348472,.88448799,1.2960874,,1.959964,1,7
0b.ht,1,,,,,,,1.959964,1,7
1.ht,1.0710213,.07984709,.92032909,.3574008,.9254204,1.2395302,,1.959964,1,7
0b.smok,1,,,,,,,1.959964,1,7
1.smok,1.0503912,.079315767,.6510691,.51500189,.90589166,1.21794,,1.959964,1,7
