var,b,se,z,pvalue,ll,ul,df,crit,eform,subtype
0b.case,1,,,,,,,1.959964,1,6
1.case,1.0316352,.054371737,.59093982,.55456078,.93038797,1.1439005,,1.959964,1,6
age_start,1.0301732,.0019147998,15.993256,0,1.026427,1.0339329,,1.959964,1,6
0b.diab,1,,,,,,,1.959964,1,6
1.diab,.90236998,.066314109,-1.3979083,.16214058,.78132343,1.0421697,,1.959964,1,6
0b.ht,1,,,,,,,1.959964,1,6
1.ht,.92837048,.050420206,-1.3685106,.17115231,.83462656,1.0326436,,1.959964,1,6
0b.smok,1,,,,,,,1.959964,1,6
1.smok,3.2475803,.23336956,16.391848,0,2.8209343,3.7387536,,1.959964,1,6
