var,b,se,z,pvalue,ll,ul,df,crit,eform,subtype
0b.case,1,,,,,,,1.959964,1,1
1.case,1.1377028,.16786774,.87435687,.38192394,.85198957,1.5192294,,1.959964,1,1
age_start,1.0118148,.0071366024,1.665274,.09585809,.99792361,1.0258995,,1.959964,1,1
0b.diab,1,,,,,,,1.959964,1,1
1.diab,.50799429,.15386811,-2.2360511,.025348419,.2805663,.91977614,,1.959964,1,1
0b.ht,1,,,,,,,1.959964,1,1
1.ht,1.2363616,.19446188,1.3489655,.17734805,.90837204,1.6827797,,1.959964,1,1
0b.smok,1,,,,,,,1.959964,1,1
1.smok,1.1433153,.17414503,.87930614,.3792353,.84823185,1.5410528,,1.959964,1,1
