var,b,se,z,pvalue,ll,ul,df,crit,eform,subtype
0b.case,1,,,,,,,1.959964,1,5
1.case,1.0910923,.083117321,1.1444147,.25245172,.93976355,1.2667893,,1.959964,1,5
age_start,1.0313203,.0029830867,10.662016,1.5323985e-26,1.02549,1.0371836,,1.959964,1,5
0b.diab,1,,,,,,,1.959964,1,5
1.diab,1.0526809,.1106564,.48840144,.62526554,.85668182,1.2935222,,1.959964,1,5
0b.ht,1,,,,,,,1.959964,1,5
1.ht,1.0264664,.081937149,.3272447,.74348283,.87780488,1.2003045,,1.959964,1,5
0b.smok,1,,,,,,,1.959964,1,5
1.smok,1.1144608,.091205738,1.3242025,.18543579,.94930065,1.3083556,,1.959964,1,5
