var,b,se,z,pvalue,ll,ul,df,crit,eform,subtype
0b.case,1,,,,,,,1.959964,1,2
1.case,1.0253284,.0431148,.59484112,.55194968,.94421339,1.1134117,,1.959964,1,2
age_start,1.0033457,.0017104915,1.9593033,.050077274,.99999887,1.0067039,,1.959964,1,2
0b.diab,1,,,,,,,1.959964,1,2
1.diab,.96655613,.062352534,-.52729702,.59798735,.85175771,1.0968269,,1.959964,1,2
0b.ht,1,,,,,,,1.959964,1,2
1.ht,1.0833588,.048035916,1.8057413,.070958756,.9931851,1.1817195,,1.959964,1,2
0b.smok,1,,,,,,,1.959964,1,2
1.smok,1.6442776,.070463195,11.604656,3.9025489e-31,1.511813,1.7883486,,1.959964,1,2
