var,b,se,z,pvalue,ll,ul,df,crit,eform,subtype
0b.case,1,,,,,,,1.959964,1,5
1.case,1.0872258,.10077494,.90224713,.3669256,.90661287,1.3038199,,1.959964,1,5
age_start,1.0082424,.0035010555,2.3639226,.018082591,1.0014037,1.0151277,,1.959964,1,5
0b.diab,1,,,,,,,1.959964,1,5
1.diab,.93065637,.13725922,-.48726615,.62606972,.69702548,1.2425963,,1.959964,1,5
0b.ht,1,,,,,,,1.959964,1,5
1.ht,.97101903,.091924772,-.31065515,.75606281,.80657715,1.1689868,,1.959964,1,5
0b.smok,1,,,,,,,1.959964,1,5
1.smok,1.0794296,.098088428,.84111601,.40028295,.90332723,1.2898628,,1.959964,1,5
