var,b,se,z,pvalue,ll,ul,df,crit,eform,subtype
0b.case,1,,,,,,,1.959964,1,8
1.case,1.149225,.12320029,1.2974256,.19448476,.93143761,1.4179351,,1.959964,1,8
age_start,1.0577029,.0047935438,12.378432,3.4195673e-35,1.0483493,1.0671399,,1.959964,1,8
0b.diab,1,,,,,,,1.959964,1,8
1.diab,.98077202,.14722852,-.12933581,.89709193,.73078567,1.3162735,,1.959964,1,8
0b.ht,1,,,,,,,1.959964,1,8
1.ht,.96496981,.10774738,-.31935167,.74945986,.77529967,1.2010412,,1.959964,1,8
0b.smok,1,,,,,,,1.959964,1,8
1.smok,1.4629599,.17491435,3.1821303,.0014619603,1.1573404,1.8492845,,1.959964,1,8
