var,b,se,z,pvalue,ll,ul,df,crit,eform,subtype
0b.case,1,,,,,,,1.959964,1,7
1.case,1.1238443,.10244861,1.2807846,.20026933,.93996429,1.3436955,,1.959964,1,7
age_start,1.0150005,.0031292606,4.8293886,1.3695284e-06,1.0088857,1.0211523,,1.959964,1,7
0b.diab,1,,,,,,,1.959964,1,7
1.diab,.9304136,.13795479,-.48644254,.62665343,.69577086,1.2441876,,1.959964,1,7
0b.ht,1,,,,,,,1.959964,1,7
1.ht,1.1483301,.10871395,1.4609368,.14403279,.95385504,1.3824555,,1.959964,1,7
0b.smok,1,,,,,,,1.959964,1,7
1.smok,.91517037,.082250535,-.9863196,.32397631,.76736253,1.0914487,,1.959964,1,7
