var,b,se,z,pvalue,ll,ul,df,crit,eform,subtype
0b.case,1,,,,,,,1.959964,1,11
1.case,.90753096,.10991434,-.80112898,.42305699,.71576321,1.1506772,,1.959964,1,11
age_start,1.0098805,.0042473441,2.3377473,.019400356,1.0015901,1.0182396,,1.959964,1,11
0b.diab,1,,,,,,,1.959964,1,11
1.diab,.87215221,.17237079,-.69212908,.48885626,.59205514,1.2847612,,1.959964,1,11
0b.ht,1,,,,,,,1.959964,1,11
1.ht,1.2981042,.16128139,2.0999432,.035733845,1.0175437,1.6560218,,1.959964,1,11
0b.smok,1,,,,,,,1.959964,1,11
1.smok,1.2256297,.15430112,1.6160619,.10608091,.95762819,1.568634,,1.959964,1,11
