var,b,se,z,pvalue,ll,ul,df,crit,eform,subtype
0b.case,1,,,,,,,1.959964,1,3
1.case,1.1477154,.076021597,2.0799956,.037525926,1.0079823,1.3068192,,1.959964,1,3
age_start,1.0206894,.0023532414,8.8821659,6.5570881e-19,1.0160874,1.0253121,,1.959964,1,3
0b.diab,1,,,,,,,1.959964,1,3
1.diab,1.4160622,.1289621,3.8198791,.00013351711,1.1845752,1.692786,,1.959964,1,3
0b.ht,1,,,,,,,1.959964,1,3
1.ht,1.1811981,.081144884,2.4241099,.015345961,1.0323993,1.3514433,,1.959964,1,3
0b.smok,1,,,,,,,1.959964,1,3
1.smok,1.0969821,.072954319,1.391827,.16397479,.9629212,1.2497073,,1.959964,1,3
