var,b,se,z,pvalue,ll,ul,df,crit,eform,subtype
0b.case,1,,,,,,,1.959964,1,11
1.case,.67732334,.11127659,-2.3714743,.017717278,.49085504,.93462819,,1.959964,1,11
age_start,.98816103,.0047491677,-2.4780412,.013210591,.9788965,.99751318,,1.959964,1,11
0b.diab,1,,,,,,,1.959964,1,11
1.diab,.72782582,.2406036,-.96102273,.33654073,.38074878,1.391286,,1.959964,1,11
0b.ht,1,,,,,,,1.959964,1,11
1.ht,1.116588,.18264313,.67418164,.50019586,.81032598,1.5386015,,1.959964,1,11
0b.smok,1,,,,,,,1.959964,1,11
1.smok,.80159479,.126531,-1.4010347,.16120368,.58829272,1.0922354,,1.959964,1,11
