var,b,se,z,pvalue,ll,ul,df,crit,eform,subtype
0b.case,1,,,,,,,1.959964,1,1
1.case,1.0030365,.13965413,.021775888,.98262674,.76348901,1.3177428,,1.959964,1,1
age_start,1.0084506,.0047048484,1.8037337,.071273074,.99927139,1.0177143,,1.959964,1,1
0b.diab,1,,,,,,,1.959964,1,1
1.diab,.92763507,.20727889,-.33617041,.73674238,.59865588,1.4373981,,1.959964,1,1
0b.ht,1,,,,,,,1.959964,1,1
1.ht,1.1161574,.16232401,.75562865,.44987187,.83933294,1.4842827,,1.959964,1,1
0b.smok,1,,,,,,,1.959964,1,1
1.smok,1.4074682,.20647173,2.3299174,.019810511,1.0557709,1.8763226,,1.959964,1,1
