var,b,se,z,pvalue,ll,ul,df,crit,eform,subtype
0b.case,1,,,,,,,1.959964,1,3
1.case,1.1437418,.057949882,2.6507468,.0080314018,1.0356195,1.2631525,,1.959964,1,3
age_start,1.0350469,.001985081,17.960991,0,1.0311636,1.038945,,1.959964,1,3
0b.diab,1,,,,,,,1.959964,1,3
1.diab,1.2796236,.082963035,3.8030384,.00014293214,1.1269262,1.4530113,,1.959964,1,3
0b.ht,1,,,,,,,1.959964,1,3
1.ht,1.1521728,.060808863,2.6838973,.0072769485,1.0389467,1.2777385,,1.959964,1,3
0b.smok,1,,,,,,,1.959964,1,3
1.smok,1.2949404,.07230664,4.6288452,3.6771062e-06,1.1607014,1.4447044,,1.959964,1,3
