var,b,se,z,pvalue,ll,ul,df,crit,eform,subtype
0b.case,1,,,,,,,1.959964,1,12
1.case,1.0724925,.16202745,.46324706,.64318728,.79762441,1.4420823,,1.959964,1,12
age_start,1.0472574,.0061392752,7.8766384,3.3630685e-15,1.0352935,1.0593596,,1.959964,1,12
0b.diab,1,,,,,,,1.959964,1,12
1.diab,.95548207,.23138039,-.18805371,.85083455,.59442192,1.5358552,,1.959964,1,12
0b.ht,1,,,,,,,1.959964,1,12
1.ht,.89691108,.1410356,-.69190079,.48899966,.6590243,1.2206674,,1.959964,1,12
0b.smok,1,,,,,,,1.959964,1,12
1.smok,1.1864007,.1799148,1.1271138,.2596944,.88135064,1.5970336,,1.959964,1,12
