var,b,se,z,pvalue,ll,ul,df,crit,eform,subtype
0b.case,1,,,,,,,1.959964,1,9
1.case,1.2272586,.14339608,1.7526391,.079663984,.97606665,1.5430951,,1.959964,1,9
age_start,.98708886,.003754819,-3.4162605,.00063487509,.97975689,.99447566,,1.959964,1,9
0b.diab,1,,,,,,,1.959964,1,9
1.diab,1.3638152,.25825959,1.6385561,.10130575,.94095159,1.9767137,,1.959964,1,9
0b.ht,1,,,,,,,1.959964,1,9
1.ht,1.1600251,.14199899,1.2126566,.22526112,.91258132,1.4745625,,1.959964,1,9
0b.smok,1,,,,,,,1.959964,1,9
1.smok,.85224384,.1013383,-1.3445947,.17875615,.67507112,1.0759157,,1.959964,1,9
