var,b,se,z,pvalue,ll,ul,df,crit,eform,subtype
0b.case,1,,,,,,,1.959964,1,4
1.case,.98878986,.084383823,-.13209996,.89490521,.83649242,1.1688155,,1.959964,1,4
age_start,.99406713,.0027858638,-2.1232984,.03372886,.98862195,.99954236,,1.959964,1,4
0b.diab,1,,,,,,,1.959964,1,4
1.diab,.97224247,.15089974,-.18136984,.85607731,.71723485,1.3179163,,1.959964,1,4
0b.ht,1,,,,,,,1.959964,1,4
1.ht,1.1301655,.10009018,1.3816705,.16707292,.95007432,1.3443938,,1.959964,1,4
0b.smok,1,,,,,,,1.959964,1,4
1.smok,.92741883,.078011431,-.89577889,.37037086,.78645819,1.0936446,,1.959964,1,4
