var,b,se,z,pvalue,ll,ul,df,crit,eform,subtype
0b.case,1,,,,,,,1.959964,1,3
1.case,1.0086259,.080552839,.10754421,.91435724,.86248153,1.1795338,,1.959964,1,3
age_start,1.0069571,.0028112901,2.4832592,.013018635,1.001462,1.0124822,,1.959964,1,3
0b.diab,1,,,,,,,1.959964,1,3
1.diab,.93941158,.13491462,-.43519917,.66341788,.70894027,1.2448074,,1.959964,1,3
0b.ht,1,,,,,,,1.959964,1,3
1.ht,1.067831,.088038571,.79602826,.42601562,.90849853,1.2551072,,1.959964,1,3
0b.smok,1,,,,,,,1.959964,1,3
1.smok,1.2107216,.09608414,2.4094501,.01597658,1.0363156,1.414479,,1.959964,1,3
