var,b,se,z,pvalue,ll,ul,df,crit,eform,subtype
0b.case,1,,,,,,,1.959964,1,1
1.case,1.1230133,.12479746,1.0439869,.29649144,.90321916,1.3962932,,1.959964,1,1
age_start,1.0164031,.0044615176,3.7065585,.00021009477,1.0076962,1.0251852,,1.959964,1,1
0b.diab,1,,,,,,,1.959964,1,1
1.diab,1.0486811,.15699251,.31751361,.7508539,.78201407,1.4062817,,1.959964,1,1
0b.ht,1,,,,,,,1.959964,1,1
1.ht,1.0994196,.12897077,.80797863,.41910288,.87359607,1.3836182,,1.959964,1,1
0b.smok,1,,,,,,,1.959964,1,1
1.smok,1.7155012,.21890382,4.2295518,.000023415718,1.3359027,2.2029634,,1.959964,1,1
