var,b,se,z,pvalue,ll,ul,df,crit,eform,subtype
0b.case,1,,,,,,,1.959964,1,1
1.case,.64273953,.13958953,-2.03526,.041824728,.41992515,.98378026,,1.959964,1,1
age_start,.9856509,.0064100907,-2.222379,.026257707,.97316706,.99829489,,1.959964,1,1
0b.diab,1,,,,,,,1.959964,1,1
1.diab,.34390053,.20122793,-1.8242021,.06812153,.109236,1.0826794,,1.959964,1,1
0b.ht,1,,,,,,,1.959964,1,1
1.ht,1.1876764,.25590181,.79827094,.42471325,.77856463,1.8117641,,1.959964,1,1
0b.smok,1,,,,,,,1.959964,1,1
1.smok,.98110747,.19693764,-.095019601,.92429924,.66199535,1.4540462,,1.959964,1,1
