var,b,se,z,pvalue,ll,ul,df,crit,eform,subtype
0b.case,1,,,,,,,1.959964,1,2
1.case,.96980375,.056303363,-.52813339,.59740674,.86549807,1.0866798,,1.959964,1,2
age_start,.99425107,.0020159874,-2.8434653,.0044625853,.99030763,.99821019,,1.959964,1,2
0b.diab,1,,,,,,,1.959964,1,2
1.diab,.74056834,.08466924,-2.6269324,.0086158477,.59189844,.92658031,,1.959964,1,2
0b.ht,1,,,,,,,1.959964,1,2
1.ht,1.0181152,.060503762,.30210209,.76257426,.90617561,1.1438826,,1.959964,1,2
0b.smok,1,,,,,,,1.959964,1,2
1.smok,1.5810567,.090017803,8.0458717,8.5633946e-16,1.4141129,1.767709,,1.959964,1,2
