var,b,se,z,pvalue,ll,ul,df,crit,eform,subtype
0b.case,1,,,,,,,1.959964,1,8
1.case,.74117333,.12237224,-1.814111,.069660641,.53626716,1.0243735,,1.959964,1,8
age_start,1.0163269,.005910974,2.7845511,.0053601875,1.0048074,1.0279784,,1.959964,1,8
0b.diab,1,,,,,,,1.959964,1,8
1.diab,1.1414069,.31865656,.47375238,.6356765,.66039395,1.9727765,,1.959964,1,8
0b.ht,1,,,,,,,1.959964,1,8
1.ht,.97321904,.16009447,-.16502203,.86892664,.70499814,1.3434862,,1.959964,1,8
0b.smok,1,,,,,,,1.959964,1,8
1.smok,1.0624466,.16740486,.38443968,.7006526,.78016633,1.4468619,,1.959964,1,8
