var,b,se,z,pvalue,ll,ul,df,crit,eform,subtype
0b.case,1,,,,,,,1.959964,1,3
1.case,1.0695596,.059826121,1.2022274,.22927545,.95850146,1.1934856,,1.959964,1,3
age_start,1.0233486,.0024854075,9.5031099,2.0371378e-21,1.0184889,1.0282315,,1.959964,1,3
0b.diab,1,,,,,,,1.959964,1,3
1.diab,1.1060765,.092454106,1.2061503,.22775957,.93893468,1.3029715,,1.959964,1,3
0b.ht,1,,,,,,,1.959964,1,3
1.ht,1.1478705,.067869075,2.3324492,.019677075,1.0222679,1.2889056,,1.959964,1,3
0b.smok,1,,,,,,,1.959964,1,3
1.smok,1.21281,.068770207,3.402631,.00066740363,1.0852429,1.3553724,,1.959964,1,3
