var,b,se,z,pvalue,ll,ul,df,crit,eform,subtype
0b.case,1,,,,,,,1.959964,1,11
1.case,1.0839653,.10349916,.84441006,.3984403,.89896131,1.3070428,,1.959964,1,11
age_start,1.0163419,.0037371994,4.4083238,.000010417369,1.0090436,1.0236932,,1.959964,1,11
0b.diab,1,,,,,,,1.959964,1,11
1.diab,.99449712,.13167378,-.041676667,.96675646,.76718909,1.2891535,,1.959964,1,11
0b.ht,1,,,,,,,1.959964,1,11
1.ht,1.1956222,.11959661,1.7861537,.074074373,.98276424,1.4545834,,1.959964,1,11
0b.smok,1,,,,,,,1.959964,1,11
1.smok,1.1064386,.11179157,1.00108,.31678814,.90766215,1.3487468,,1.959964,1,11
