var,b,se,z,pvalue,ll,ul,df,crit,eform,subtype
0b.case,1,,,,,,,1.959964,1,10
1.case,1.003867,.055813167,.069419667,.9446556,.9002248,1.1194416,,1.959964,1,10
age_start,.99606794,.0022859816,-1.7166853,.086036682,.99159759,1.0005585,,1.959964,1,10
0b.diab,1,,,,,,,1.959964,1,10
1.diab,1.0648748,.089291729,.74962145,.45348272,.90349066,1.2550856,,1.959964,1,10
0b.ht,1,,,,,,,1.959964,1,10
1.ht,1.1830044,.069720224,2.8515751,.0043503214,1.0539521,1.3278584,,1.959964,1,10
0b.smok,1,,,,,,,1.959964,1,10
1.smok,1.0575479,.058418155,1.0129206,.31109807,.94903088,1.1784735,,1.959964,1,10
