var,b,se,z,pvalue,ll,ul,df,crit,eform,subtype
0b.case,1,,,,,,,1.959964,1,7
1.case,.85169965,.1071656,-1.275745,.20204565,.66555434,1.0899068,,1.959964,1,7
age_start,.99430656,.0040321513,-1.4079806,.15913682,.986435,1.0022409,,1.959964,1,7
0b.diab,1,,,,,,,1.959964,1,7
1.diab,.76430398,.18302292,-1.1224661,.26166433,.4780072,1.222075,,1.959964,1,7
0b.ht,1,,,,,,,1.959964,1,7
1.ht,1.1471099,.14436817,1.0905163,.27548578,.89635086,1.4680201,,1.959964,1,7
0b.smok,1,,,,,,,1.959964,1,7
1.smok,1.0854433,.1282924,.69367915,.48788345,.86099488,1.3684019,,1.959964,1,7
