var,b,se,z,pvalue,ll,ul,df,crit,eform,subtype
0b.case,1,,,,,,,1.959964,1,12
1.case,1.1774851,.11838033,1.625089,.10414358,.96689326,1.4339445,,1.959964,1,12
age_start,1.0403063,.0046655633,8.8109312,1.2411056e-18,1.0312021,1.049491,,1.959964,1,12
0b.diab,1,,,,,,,1.959964,1,12
1.diab,1.1264269,.17444228,.7687465,.44204381,.83153993,1.5258892,,1.959964,1,12
0b.ht,1,,,,,,,1.959964,1,12
1.ht,.85685623,.088988677,-1.4875098,.1368802,.69904727,1.0502903,,1.959964,1,12
0b.smok,1,,,,,,,1.959964,1,12
1.smok,1.1007006,.11063842,.95454049,.3398101,.90387744,1.3403829,,1.959964,1,12
