var,b,se,z,pvalue,ll,ul,df,crit,eform,subtype
0b.case,1,,,,,,,1.959964,1,4
1.case,.90158999,.031556323,-2.9598055,.0030783322,.84181446,.96561003,,1.959964,1,4
age_start,1.029138,.0012847212,23.007616,0,1.026623,1.031659,,1.959964,1,4
0b.diab,1,,,,,,,1.959964,1,4
1.diab,.81297547,.042397752,-3.9702599,.000071794275,.73398328,.90046895,,1.959964,1,4
0b.ht,1,,,,,,,1.959964,1,4
1.ht,1.0872302,.039196935,2.3197925,.020352099,1.0130571,1.1668341,,1.959964,1,4
0b.smok,1,,,,,,,1.959964,1,4
1.smok,1.1606119,.04307108,4.0135984,.000059800015,1.0791911,1.2481755,,1.959964,1,4
