var,b,se,z,pvalue,ll,ul,df,crit,eform,subtype
0b.case,1,,,,,,,1.959964,1,6
1.case,.87732422,.086458758,-1.3280667,.18415606,.72322881,1.0642521,,1.959964,1,6
age_start,.99988723,.0031815441,-.035445374,.97172463,.99367094,1.0061424,,1.959964,1,6
0b.diab,1,,,,,,,1.959964,1,6
1.diab,.40794873,.098793924,-3.702378,.00021358798,.25378624,.65575725,,1.959964,1,6
0b.ht,1,,,,,,,1.959964,1,6
1.ht,.86507708,.087165356,-1.4384314,.15031169,.71004778,1.053955,,1.959964,1,6
0b.smok,1,,,,,,,1.959964,1,6
1.smok,4.1961188,.46345481,12.984882,1.4906789e-38,3.3793557,5.2102876,,1.959964,1,6
