var,b,se,z,pvalue,ll,ul,df,crit,eform,subtype
0b.case,1,,,,,,,1.959964,1,4
1.case,.93032217,.042604994,-1.5770903,.11477476,.85045582,1.0176888,,1.959964,1,4
age_start,1.0140873,.0014587874,9.7245998,2.3683470e-22,1.0112323,1.0169506,,1.959964,1,4
0b.diab,1,,,,,,,1.959964,1,4
1.diab,.7644946,.06033149,-3.4028273,.00066692446,.65493816,.89237738,,1.959964,1,4
0b.ht,1,,,,,,,1.959964,1,4
1.ht,1.1587883,.054420713,3.1380761,.0017006077,1.0568875,1.2705141,,1.959964,1,4
0b.smok,1,,,,,,,1.959964,1,4
1.smok,1.0592122,.047399137,1.2855023,.19861682,.97026914,1.1563087,,1.959964,1,4
