var,b,se,z,pvalue,ll,ul,df,crit,eform,subtype
0b.case,1,,,,,,,1.959964,1,6
1.case,.9522633,.064565785,-.72141474,.4706544,.83376473,1.0876036,,1.959964,1,6
age_start,1.0260112,.0023416812,11.251137,2.2862583e-29,1.0214318,1.030611,,1.959964,1,6
0b.diab,1,,,,,,,1.959964,1,6
1.diab,1.0126834,.10573299,.12071412,.90391749,.825279,1.2426435,,1.959964,1,6
0b.ht,1,,,,,,,1.959964,1,6
1.ht,.92886835,.065141097,-1.0521713,.29272094,.80958003,1.0657333,,1.959964,1,6
0b.smok,1,,,,,,,1.959964,1,6
1.smok,2.5538344,.19988289,11.979337,4.5595472e-33,2.1906404,2.9772434,,1.959964,1,6
