var,b,se,z,pvalue,ll,ul,df,crit,eform,subtype
0b.case,1,,,,,,,1.959964,1,4
1.case,1.0450121,.061883848,.74349356,.45718294,.93049616,1.1736214,,1.959964,1,4
age_start,1.0024861,.0022286149,1.1169302,.26402417,.99812764,1.0068637,,1.959964,1,4
0b.diab,1,,,,,,,1.959964,1,4
1.diab,1.2075934,.10293952,2.2128308,.02690931,1.0217893,1.4271847,,1.959964,1,4
0b.ht,1,,,,,,,1.959964,1,4
1.ht,1.1936059,.075278759,2.8061435,.0050138338,1.0548168,1.3506563,,1.959964,1,4
0b.smok,1,,,,,,,1.959964,1,4
1.smok,1.0537918,.062241692,.88707906,.37503633,.93859667,1.1831249,,1.959964,1,4
