var,b,se,z,pvalue,ll,ul,df,crit,eform,subtype
0b.case,1,,,,,,,1.959964,1,8
1.case,.97747606,.072289839,-.30804265,.75804991,.84558058,1.1299449,,1.959964,1,8
age_start,1.0334765,.0028671136,11.869314,1.7086331e-32,1.0278723,1.0391113,,1.959964,1,8
0b.diab,1,,,,,,,1.959964,1,8
1.diab,1.0519531,.10486273,.50809133,.61138928,.86525738,1.2789319,,1.959964,1,8
0b.ht,1,,,,,,,1.959964,1,8
1.ht,1.1306608,.086764455,1.6002827,.1095359,.97277629,1.3141704,,1.959964,1,8
0b.smok,1,,,,,,,1.959964,1,8
1.smok,1.4753231,.12269264,4.6760683,2.9242735e-06,1.2534252,1.7365041,,1.959964,1,8
