var,b,se,z,pvalue,ll,ul,df,crit,eform,subtype
0b.case,1,,,,,,,1.959964,1,10
1.case,1.0273348,.076259963,.36329722,.71638286,.88823229,1.1882216,,1.959964,1,10
age_start,.98945749,.0026384688,-3.9745576,.000070510163,.98429966,.99464232,,1.959964,1,10
0b.diab,1,,,,,,,1.959964,1,10
1.diab,.95470577,.12945195,-.34184572,.732467,.73190063,1.2453372,,1.959964,1,10
0b.ht,1,,,,,,,1.959964,1,10
1.ht,1.0961007,.083812073,1.2000314,.23012717,.94354862,1.2733171,,1.959964,1,10
0b.smok,1,,,,,,,1.959964,1,10
1.smok,1.0148602,.07428544,.2015202,.84029186,.87922531,1.1714188,,1.959964,1,10
