var,b,se,z,pvalue,ll,ul,df,crit,eform,subtype
0b.case,1,,,,,,,1.959964,1,11
1.case,.98409796,.11233193,-.14043148,.88831908,.78682137,1.230837,,1.959964,1,11
age_start,1.0084189,.0050464724,1.675277,.093879886,.99857634,1.0183585,,1.959964,1,11
0b.diab,1,,,,,,,1.959964,1,11
1.diab,.74792743,.14814395,-1.4663781,.14254533,.507294,1.1027045,,1.959964,1,11
0b.ht,1,,,,,,,1.959964,1,11
1.ht,1.3328595,.16283956,2.3518002,.01868281,1.0490361,1.6934731,,1.959964,1,11
0b.smok,1,,,,,,,1.959964,1,11
1.smok,1.0288569,.11881796,.2463375,.80542099,.82045287,1.2901978,,1.959964,1,11
