"","gender_lb","n","N","prop"
"1","Men",118516,234346,50.573084242957
"2","Women",115830,234346,49.426915757043
